--
-- PostgreSQL database dump
--

-- Dumped from database version 16.3
-- Dumped by pg_dump version 16.3

-- Started on 2024-07-28 18:08:06

SET statement_timeout = 0;
SET lock_timeout = 0;
SET idle_in_transaction_session_timeout = 0;
SET client_encoding = 'UTF8';
SET standard_conforming_strings = on;
SELECT pg_catalog.set_config('search_path', '', false);
SET check_function_bodies = false;
SET xmloption = content;
SET client_min_messages = warning;
SET row_security = off;

--
-- TOC entry 2 (class 3079 OID 16384)
-- Name: adminpack; Type: EXTENSION; Schema: -; Owner: -
--

CREATE EXTENSION IF NOT EXISTS adminpack WITH SCHEMA pg_catalog;


--
-- TOC entry 4860 (class 0 OID 0)
-- Dependencies: 2
-- Name: EXTENSION adminpack; Type: COMMENT; Schema: -; Owner: 
--

COMMENT ON EXTENSION adminpack IS 'administrative functions for PostgreSQL';


SET default_tablespace = '';

SET default_table_access_method = heap;

--
-- TOC entry 217 (class 1259 OID 16399)
-- Name: question; Type: TABLE; Schema: public; Owner: postgres
--

CREATE TABLE public.question (
    id integer NOT NULL,
    category character varying(255),
    difficulty_level character varying(255),
    option1 character varying(255),
    option2 character varying(255),
    option3 character varying(255),
    option4 character varying(255),
    question_title character varying(255),
    right_answer character varying(255)
);


ALTER TABLE public.question OWNER TO postgres;

--
-- TOC entry 216 (class 1259 OID 16398)
-- Name: question_id_seq; Type: SEQUENCE; Schema: public; Owner: postgres
--

CREATE SEQUENCE public.question_id_seq
    AS integer
    START WITH 1
    INCREMENT BY 1
    NO MINVALUE
    NO MAXVALUE
    CACHE 1;


ALTER SEQUENCE public.question_id_seq OWNER TO postgres;

--
-- TOC entry 4861 (class 0 OID 0)
-- Dependencies: 216
-- Name: question_id_seq; Type: SEQUENCE OWNED BY; Schema: public; Owner: postgres
--

ALTER SEQUENCE public.question_id_seq OWNED BY public.question.id;


--
-- TOC entry 218 (class 1259 OID 16407)
-- Name: question_seq; Type: SEQUENCE; Schema: public; Owner: postgres
--

CREATE SEQUENCE public.question_seq
    START WITH 1
    INCREMENT BY 50
    NO MINVALUE
    NO MAXVALUE
    CACHE 1;


ALTER SEQUENCE public.question_seq OWNER TO postgres;

--
-- TOC entry 220 (class 1259 OID 16413)
-- Name: quiz; Type: TABLE; Schema: public; Owner: postgres
--

CREATE TABLE public.quiz (
    id integer NOT NULL,
    title character varying(255)
);


ALTER TABLE public.quiz OWNER TO postgres;

--
-- TOC entry 219 (class 1259 OID 16412)
-- Name: quiz_id_seq; Type: SEQUENCE; Schema: public; Owner: postgres
--

ALTER TABLE public.quiz ALTER COLUMN id ADD GENERATED BY DEFAULT AS IDENTITY (
    SEQUENCE NAME public.quiz_id_seq
    START WITH 1
    INCREMENT BY 1
    NO MINVALUE
    NO MAXVALUE
    CACHE 1
);


--
-- TOC entry 221 (class 1259 OID 16418)
-- Name: quiz_questions; Type: TABLE; Schema: public; Owner: postgres
--

CREATE TABLE public.quiz_questions (
    quiz_id integer NOT NULL,
    questions_id integer NOT NULL
);


ALTER TABLE public.quiz_questions OWNER TO postgres;

--
-- TOC entry 4699 (class 2604 OID 16402)
-- Name: question id; Type: DEFAULT; Schema: public; Owner: postgres
--

ALTER TABLE ONLY public.question ALTER COLUMN id SET DEFAULT nextval('public.question_id_seq'::regclass);


--
-- TOC entry 4850 (class 0 OID 16399)
-- Dependencies: 217
-- Data for Name: question; Type: TABLE DATA; Schema: public; Owner: postgres
--

COPY public.question (id, category, difficulty_level, option1, option2, option3, option4, question_title, right_answer) FROM stdin;
1	Java	Easy	indicates specific to object	Independent of object	assigns at runtime	none	what the meaning of static?	Independent of object
2	Java	Easy	try	catch	finally	extends	which block is used to run at anytime?	finally
3	Java	Easy	-	+	*	@	which java keyword used to conacatenate strings	+
4	Java	Easy	hashmap	ArrayList	Array	Linkedlist	which class implementation of dynamic array	ArrayList
5	Java	Easy	try	catch	throw	throws	Which java keyword used to explicily throw an exception	throw
6	Java	Easy	terminate loop	throw exception	not a keyword	create thread	what is the use of break	terminate loop
7	Java	Easy	for loop	while loop	do while	switch loop	Which loop in java executed atleast once?	do while
8	Python	Easy	set	tuple	list	array	In python which datatype is mutable	list
9	Python	Easy	numpy	date and time	sys	array	In python which module is working for data and time	date and time
10	Python	Easy	length()	len()	range()	add()	In python which functio is used to calculate length of list?	len()
11	Java	Easy	100	127	255	999	Maximum value of byte in java	127
14	Java	Easy	100	32767	53697	25981	What is maximum value of short in java language	32767
15	Java	Easy	100	32767	53697	\N	What is maximum value of short in java language	32767
\.


--
-- TOC entry 4853 (class 0 OID 16413)
-- Dependencies: 220
-- Data for Name: quiz; Type: TABLE DATA; Schema: public; Owner: postgres
--

COPY public.quiz (id, title) FROM stdin;
1	JQuiz
2	JQuiz
\.


--
-- TOC entry 4854 (class 0 OID 16418)
-- Dependencies: 221
-- Data for Name: quiz_questions; Type: TABLE DATA; Schema: public; Owner: postgres
--

COPY public.quiz_questions (quiz_id, questions_id) FROM stdin;
1	4
1	15
1	1
1	5
1	7
2	4
2	7
2	3
2	11
2	5
\.


--
-- TOC entry 4862 (class 0 OID 0)
-- Dependencies: 216
-- Name: question_id_seq; Type: SEQUENCE SET; Schema: public; Owner: postgres
--

SELECT pg_catalog.setval('public.question_id_seq', 15, true);


--
-- TOC entry 4863 (class 0 OID 0)
-- Dependencies: 218
-- Name: question_seq; Type: SEQUENCE SET; Schema: public; Owner: postgres
--

SELECT pg_catalog.setval('public.question_seq', 51, true);


--
-- TOC entry 4864 (class 0 OID 0)
-- Dependencies: 219
-- Name: quiz_id_seq; Type: SEQUENCE SET; Schema: public; Owner: postgres
--

SELECT pg_catalog.setval('public.quiz_id_seq', 2, true);


--
-- TOC entry 4701 (class 2606 OID 16406)
-- Name: question question_pkey; Type: CONSTRAINT; Schema: public; Owner: postgres
--

ALTER TABLE ONLY public.question
    ADD CONSTRAINT question_pkey PRIMARY KEY (id);


--
-- TOC entry 4703 (class 2606 OID 16417)
-- Name: quiz quiz_pkey; Type: CONSTRAINT; Schema: public; Owner: postgres
--

ALTER TABLE ONLY public.quiz
    ADD CONSTRAINT quiz_pkey PRIMARY KEY (id);


--
-- TOC entry 4704 (class 2606 OID 16426)
-- Name: quiz_questions fkcgp9e1c6ww3t383aui4w8feae; Type: FK CONSTRAINT; Schema: public; Owner: postgres
--

ALTER TABLE ONLY public.quiz_questions
    ADD CONSTRAINT fkcgp9e1c6ww3t383aui4w8feae FOREIGN KEY (quiz_id) REFERENCES public.quiz(id);


--
-- TOC entry 4705 (class 2606 OID 16421)
-- Name: quiz_questions fkpmfvwer12y1nrjc0efm04dq16; Type: FK CONSTRAINT; Schema: public; Owner: postgres
--

ALTER TABLE ONLY public.quiz_questions
    ADD CONSTRAINT fkpmfvwer12y1nrjc0efm04dq16 FOREIGN KEY (questions_id) REFERENCES public.question(id);


-- Completed on 2024-07-28 18:08:07

--
-- PostgreSQL database dump complete
--

